Year,Coach,Team,Games Played,Wins,Losses,Tie,Win %,Points Scored,Points Against,Point Differential
2002,Gregg Williams,Buffalo Bills,16,8,8,0,0.5000,379,397,-18
2003,Gregg Williams,Buffalo Bills,16,6,10,0,0.3750,243,279,-36
2004,Mike Mularkey,Buffalo Bills,16,9,7,0,0.5625,395,284,111
2005,Mike Mularkey,Buffalo Bills,16,5,11,0,0.3125,271,367,-96
2006,Dick Jauron,Buffalo Bills,16,7,9,0,0.4375,300,311,-11
2007,Dick Jauron,Buffalo Bills,16,7,9,0,0.4375,252,354,-102
2008,Dick Jauron,Buffalo Bills,16,7,9,0,0.4375,336,342,-6
2009,Dick Jauron ,Buffalo Bills,9,3,6,0,0.3333,140,210,-70
2009,Perry Fewell ,Buffalo Bills,7,3,4,0,0.4286,118,116,2
2010,Chan Gailey,Buffalo Bills,16,4,12,0,0.2500,283,425,-142
2011,Chan Gailey,Buffalo Bills,16,6,10,0,0.3750,372,434,-62
2012,Chan Gailey,Buffalo Bills,16,6,10,0,0.3750,344,435,-91
2013,Doug Maronne,Buffalo Bills,16,6,10,0,0.3750,339,388,-49
2014,Doug Maronne,Buffalo Bills,16,9,7,0,0.5625,343,289,54
2015,Rex Ryan,Buffalo Bills,16,8,8,0,0.5000,379,359,20
2016,Rex Ryan ,Buffalo Bills,15,7,8,0,0.4667,389,348,41
2016,Anthony Lynn,Buffalo Bills,1,0,1,0,0.0000,10,30,-20
2017,Sean McDermott,Buffalo Bills,16,9,7,0,0.5625,302,359,-57
2018,Sean McDermott,Buffalo Bills,16,6,10,0,0.3750,269,374,-105
2019,Sean McDermott,Buffalo Bills,16,10,6,0,0.6250,314,259,55
2020,Sean McDermott,Buffalo Bills,16,13,3,0,0.8125,501,375,126
2021,Sean McDermott,Buffalo Bills,17,11,6,0,0.6471,483,289,194
2022,Sean McDermott,Buffalo Bills,16,13,3,0,0.8125,455,286,169
2023,Sean McDermott,Buffalo Bills,17,11,6,0,0.6471,451,311,140
2002,Dave Wannstedt,Dolphins,16,9,7,0,0.5625,378,301,77
2003,Dave Wannstedt,Dolphins,16,10,6,0,0.6250,311,261,50
2004,Dave Wannstedt,Dolphins,9,1,8,0,0.1111,123,186,-63
2004,Jim Bates,Dolphins,7,3,4,0,0.4286,152,168,-16
2005,Nick Saban,Dolphins,16,9,7,0,0.5625,318,317,1
2006,Nick Saban,Dolphins,16,6,10,0,0.3750,260,283,-23
2007,Cam Cameron,Dolphins,16,1,15,0,0.0625,267,437,-170
2008,Tony Sparano,Dolphins,16,11,5,0,0.6875,345,317,28
2009,Tony Sparano,Dolphins,16,7,9,0,0.4375,360,390,-30
2010,Tony Sparano,Dolphins,16,7,9,0,0.4375,273,333,-60
2011,Tony Sparano,Dolphins,13,4,9,0,0.3077,256,246,10
2011,Todd Bowles,Dolphins,3,2,1,0,0.6667,73,67,6
2012,Joe Philbin,Dolphins,16,7,9,0,0.4375,288,317,-29
2013,Joe Philbin,Dolphins,16,8,8,0,0.5000,317,335,-18
2014,Joe Philbin,Dolphins,16,8,8,0,0.5000,388,373,15
2015,Joe Philbin,Dolphins,4,1,3,0,0.2500,65,101,-36
2015,Dan Campbell,Dolphins,12,5,7,0,0.4167,245,288,-43
2016,Adam Gase,Dolphins,16,10,6,0,0.6250,363,380,-17
2017,Adam Gase,Dolphins,16,6,10,0,0.3750,281,393,-112
2018,Adam Gase,Dolphins,16,7,9,0,0.4375,269,374,-105
2019,Brian Flores,Dolphins,16,5,11,0,0.3125,306,494,-188
2020,Brian Flores,Dolphins,16,10,6,0,0.6250,404,338,66
2021,Brian Flores,Dolphins,17,9,8,0,0.5294,341,373,-32
2022,Mike McDaniel,Dolphins,17,9,8,0,0.5294,397,399,-2
2023,Mike McDaniel,Dolphins,17,11,6,0,0.6471,496,391,105
2002,Herman Edwards,Jets,16,9,7,0,0.5625,359,336,23
2003,Herman Edwards,Jets,16,6,10,0,0.3750,283,299,-16
2004,Herman Edwards,Jets,16,10,6,0,0.6250,333,261,72
2005,Herman Edwards,Jets,16,4,12,0,0.2500,240,355,-115
2006,Eric Mangini,Jets,16,10,6,0,0.6250,316,295,21
2007,Eric Mangini,Jets,16,4,12,0,0.2500,268,355,-87
2008,Eric Mangini,Jets,16,9,7,0,0.5625,405,356,49
2009,Rex Ryan,Jets,16,9,7,0,0.5625,348,236,112
2010,Rex Ryan,Jets,16,11,5,0,0.6875,367,304,63
2011,Rex Ryan,Jets,16,8,8,0,0.5000,377,363,14
2012,Rex Ryan,Jets,16,6,10,0,0.3750,281,375,-94
2013,Rex Ryan,Jets,16,8,8,0,0.5000,290,387,-97
2014,Rex Ryan,Jets,16,4,12,0,0.2500,283,401,-118
2015,Todd Bowles,Jets,16,10,6,0,0.6250,387,314,73
2016,Todd Bowles,Jets,16,5,11,0,0.3125,275,409,-134
2017,Todd Bowles,Jets,16,5,11,0,0.3125,298,382,-84
2018,Todd Bowles,Jets,16,4,12,0,0.2500,333,441,-108
2019,Adam Gase,Jets,16,7,9,0,0.4375,276,359,-83
2020,Adam Gase,Jets,16,2,14,0,0.1250,243,457,-214
2021,Robert Saleh,Jets,17,4,13,0,0.2353,310,504,-194
2022,Robert Saleh,Jets,17,7,10,0,0.4118,296,316,-20
2023,Robert Saleh,Jets,17,7,10,0,0.4118,268,355,-87
2002,Bill Belichick,Patriots,16,9,7,0,0.5625,381,346,35
2003,Bill Belichick,Patriots,16,14,2,0,0.8750,348,238,110
2004,Bill Belichick,Patriots,16,14,2,0,0.8750,437,260,177
2005,Bill Belichick,Patriots,16,10,6,0,0.6250,379,338,41
2006,Bill Belichick,Patriots,16,12,4,0,0.7500,385,237,148
2007,Bill Belichick,Patriots,16,16,0,0,1.0000,589,274,315
2008,Bill Belichick,Patriots,16,11,5,0,0.6875,410,309,101
2009,Bill Belichick,Patriots,16,10,6,0,0.6250,427,285,142
2010,Bill Belichick,Patriots,16,14,2,0,0.8750,518,313,205
2011,Bill Belichick,Patriots,16,13,3,0,0.8125,513,342,171
2012,Bill Belichick,Patriots,16,12,4,0,0.7500,557,331,226
2013,Bill Belichick,Patriots,16,12,4,0,0.7500,444,338,106
2014,Bill Belichick,Patriots,16,12,4,0,0.7500,468,313,155
2015,Bill Belichick,Patriots,16,12,4,0,0.7500,465,315,150
2016,Bill Belichick,Patriots,16,14,2,0,0.8750,441,250,191
2017,Bill Belichick,Patriots,16,13,3,0,0.8125,458,296,162
2018,Bill Belichick,Patriots,16,11,5,0,0.6875,436,325,111
2019,Bill Belichick,Patriots,16,12,4,0,0.7500,420,225,195
2020,Bill Belichick,Patriots,16,7,9,0,0.4375,326,353,-27
2021,Bill Belichick,Patriots,17,10,7,0,0.5882,462,303,159
2022,Bill Belichick,Patriots,17,8,9,0,0.4706,364,347,17
2023,Bill Belichick,Patriots,17,4,13,0,0.2353,236,366,-130
2002,Dick Vermeil,Chiefs,16,8,8,0,0.5000,467,399,68
2003,Dick Vermeil,Chiefs,16,13,3,0,0.8125,484,332,152
2004,Dick Vermeil,Chiefs,16,7,9,0,0.4375,483,435,48
2005,Dick Vermeil,Chiefs,16,10,6,0,0.6250,403,325,78
2006,Herm Edwards,Chiefs,16,9,7,0,0.5625,331,315,16
2007,Herm Edwards,Chiefs,16,4,12,0,0.2500,226,335,-109
2008,Herm Edwards,Chiefs,16,2,14,0,0.1250,291,440,-149
2009,Todd Hailey,Chiefs,16,4,12,0,0.2500,294,424,-130
2010,Todd Hailey,Chiefs,16,10,6,0,0.6250,366,326,40
2011,Todd Haley,Chiefs,13,5,8,0,0.3846,173,305,-132
2011,Romeo Crenell,Chiefs,3,2,1,0,0.6667,39,33,6
2012,Romeo Crenell,Chiefs,16,2,14,0,0.1250,211,425,-214
2013,Andy Reid,Chiefs,16,11,5,0,0.6875,430,305,125
2014,Andy Reid,Chiefs,16,9,7,0,0.5625,353,281,72
2015,Andy Reid,Chiefs,16,11,5,0,0.6875,405,287,118
2016,Andy Reid,Chiefs,16,12,4,0,0.7500,389,311,78
2017,Andy Reid,Chiefs,16,10,6,0,0.6250,415,339,76
2018,Andy Reid,Chiefs,16,12,4,0,0.7500,565,421,144
2019,Andy Reid,Chiefs,16,12,4,0,0.7500,451,308,143
2020,Andy Reid,Chiefs,16,14,2,0,0.8750,473,362,111
2021,Andy Reid,Chiefs,17,12,5,0,0.7059,480,364,116
2022,Andy Reid,Chiefs,17,14,3,0,0.8235,496,369,127
2023,Andy Reid,Chiefs,17,11,6,0,0.6471,371,294,77
2002,Marty Schottenheimer,Chargers,16,8,8,0,0.5000,333,367,-34
2003,Marty Schottenheimer,Chargers,16,4,12,0,0.2500,313,441,-128
2004,Marty Schottenheimer,Chargers,16,12,4,0,0.7500,446,313,133
2005,Marty Schottenheimer,Chargers,16,9,7,0,0.5625,418,312,106
2006,Marty Schottenheimer,Chargers,16,14,2,0,0.8750,492,303,189
2007,Norv Turner,Chargers,16,11,5,0,0.6875,412,284,128
2008,Norv Turner,Chargers,16,8,8,0,0.5000,439,347,92
2009,Norv Turner,Chargers,16,13,3,0,0.8125,454,320,134
2010,Norv Turner,Chargers,16,9,7,0,0.5625,441,322,119
2011,Norv Turner,Chargers,16,8,8,0,0.5000,406,377,29
2012,Norv Turner,Chargers,16,7,9,0,0.4375,350,350,0
2013,Mike McCoy,Chargers,16,9,7,0,0.5625,396,348,48
2014,Mike McCoy,Chargers,16,9,7,0,0.5625,348,348,0
2015,Mike McCoy,Chargers,16,4,12,0,0.2500,320,398,-78
2016,Mike McCoy,Chargers,16,5,11,0,0.3125,410,423,-13
2017,Anthony Lynn,Chargers,16,9,7,0,0.5625,355,272,83
2018,Anthony Lynn,Chargers,16,12,4,0,0.7500,428,329,99
2019,Anthony Lynn,Chargers,16,5,11,0,0.3125,337,345,-8
2020,Anthony Lynn,Chargers,16,7,9,0,0.4375,384,426,-42
2021,Brandon Stanley,Chargers,17,9,8,0,0.5294,474,459,15
2022,Brandon Stanley,Chargers,17,10,7,0,0.5882,391,384,7
2023,Brandon Stanley,Chargers,14,5,9,0,0.3571,303,345,-42
2023,Giff Smith,Chargers,3,0,3,0,0.0000,43,53,-10
2002,Mike Shanahan,Broncos,16,9,7,0,0.5625,392,344,48
2003,Mike Shanahan,Broncos,16,10,6,0,0.6250,381,301,80
2004,Mike Shanahan,Broncos,16,10,6,0,0.6250,381,304,77
2005,Mike Shanahan,Broncos,16,13,3,0,0.8125,395,258,137
2006,Mike Shanahan,Broncos,16,9,7,0,0.5625,319,305,14
2007,Mike Shanahan,Broncos,16,7,9,0,0.4375,320,409,-89
2008,Mike Shanahan,Broncos,16,8,8,0,0.5000,370,448,-78
2009,Josh McDaniels,Broncos,16,4,12,0,0.2500,326,324,2
2010,Josh McDaniels,Broncos,12,3,9,0,0.2500,256,333,-77
2010,Eric Studesville,Broncos,4,1,3,0,0.2500,88,138,-50
2011,John Fox,Broncos,16,8,8,0,0.5000,309,390,-81
2012,John Fox,Broncos,16,13,3,0,0.8125,481,289,192
2013,John Fox,Broncos,16,13,3,0,0.8125,606,399,207
2014,John Fox,Broncos,16,12,4,0,0.7500,482,354,128
2015,Gary Kubiak,Broncos,16,12,4,0,0.7500,355,296,59
2016,Gary Kubiak,Broncos,16,9,7,0,0.5625,333,297,36
2017,Vance Joseph,Broncos,16,5,11,0,0.3125,289,382,-93
2018,Vance Joseph,Broncos,16,6,10,0,0.3750,329,349,-20
2019,Vic Fangio,Broncos,16,7,9,0,0.4375,282,316,-34
2020,Vic Fangio,Broncos,16,5,11,0,0.3125,323,446,-123
2021,Vic Fangio,Broncos,17,7,10,0,0.4118,335,322,13
2022,Nathaniel Hackett,Broncos,15,4,11,0,0.2667,232,304,-72
2022,Jerry Rosburg,Broncos,2,1,1,0,0.5000,55,55,0
2023,Sean Payton,Broncos,17,8,9,0,0.4706,357,413,-56
2002,Bill Callahan,Raiders,16,11,5,0,0.6875,450,304,146
2003,Bill Callahan,Raiders,16,4,12,0,0.2500,270,379,-109
2004,Norv Turner,Raiders,16,5,11,0,0.3125,320,442,-122
2005,Norv Turner,Raiders,16,4,12,0,0.2500,290,383,-93
2006,Art Shell,Raiders,16,2,14,0,0.1250,168,332,-164
2007,Lane Kiffin,Raiders,16,4,12,0,0.2500,283,398,-115
2008,Lane Kiffin,Raiders,4,1,3,0,0.2500,78,101,-23
2008,Tom Cable,Raiders,12,4,8,0,0.3333,185,287,-102
2009,Tom Cable,Raiders,16,5,11,0,0.3125,197,379,-182
2010,Tom Cable,Raiders,16,8,8,0,0.5000,410,371,39
2011,Hue Jackson,Raiders,16,8,8,0,0.5000,359,433,-74
2012,Dennis Allen,Raiders,16,4,12,0,0.2500,290,443,-153
2013,Dennis Allen,Raiders,16,4,12,0,0.2500,322,453,-131
2014,Dennis Allen,Raiders,4,0,4,0,0.0000,51,103,-52
2014,Tony Sparano,Raiders,12,3,9,0,0.2500,202,349,-147
2015,Jack del Rio,Raiders,16,7,9,0,0.4375,359,399,-40
2016,Jack del Rio,Raiders,16,12,4,0,0.7500,416,385,31
2017,Jack del Rio,Raiders,16,6,10,0,0.3750,301,373,-72
2018,Jon Gruden,Raiders,16,4,12,0,0.2500,290,467,-177
2019,Jon Gruden,Raiders,16,7,9,0,0.4375,313,419,-106
2020,Jon Gruden,Raiders,16,8,8,0,0.5000,434,478,-44
2021,Jon Gruden,Raiders,5,3,2,0,0.6000,113,120,-7
2021,Rich Bisaccia,Raiders,12,7,5,0,0.5833,261,319,-58
2022,Josh McDaniels,Raiders,17,6,11,0,0.3529,395,418,-23
2023,Josh McDaniels,Raiders,8,3,5,0,0.3750,126,187,-61
2023,Antonio Pierce,Raiders,9,5,4,0,0.5556,206,144,62
2002,Bill Cowher,Steelers,16,10,5,1,0.6667,390,345,45
2003,Bill Cowher,Steelers,16,6,10,0,0.3750,300,327,-27
2004,Bill Cowher,Steelers,16,15,1,0,0.9375,372,251,121
2005,Bill Cowher,Steelers,16,11,5,0,0.6875,389,258,131
2006,Bill Cowher,Steelers,16,8,8,0,0.5000,353,315,38
2007,Mike Tomlin,Steelers,16,10,6,0,0.6250,393,269,124
2008,Mike Tomlin,Steelers,16,12,4,0,0.7500,347,223,124
2009,Mike Tomlin,Steelers,16,9,7,0,0.5625,368,324,44
2010,Mike Tomlin,Steelers,16,12,4,0,0.7500,375,232,143
2011,Mike Tomlin,Steelers,16,12,4,0,0.7500,325,227,98
2012,Mike Tomlin,Steelers,16,8,8,0,0.5000,336,314,22
2013,Mike Tomlin,Steelers,16,8,8,0,0.5000,379,370,9
2014,Mike Tomlin,Steelers,16,11,5,0,0.6875,436,368,68
2015,Mike Tomlin,Steelers,16,10,6,0,0.6250,423,319,104
2016,Mike Tomlin,Steelers,16,11,5,0,0.6875,399,327,72
2017,Mike Tomlin,Steelers,16,13,3,0,0.8125,406,308,98
2018,Mike Tomlin,Steelers,15,9,6,0,0.6000,428,360,68
2019,Mike Tomlin,Steelers,16,8,8,0,0.5000,289,303,-14
2020,Mike Tomlin,Steelers,16,12,4,0,0.7500,416,312,104
2021,Mike Tomlin,Steelers,17,9,7,1,0.5625,343,398,-55
2022,Mike Tomlin,Steelers,17,9,8,0,0.5294,308,346,-38
2023,Mike Tomlin,Steelers,17,10,7,0,0.5882,304,324,-20
2002,Brian Billick,Ravens,16,7,9,0,0.4375,316,354,-38
2003,Brian Billick,Ravens,16,10,6,0,0.6250,391,281,110
2004,Brian Billick,Ravens,16,9,7,0,0.5625,317,268,49
2005,Brian Billick,Ravens,16,6,10,0,0.3750,265,299,-34
2006,Brian Billick,Ravens,16,13,3,0,0.8125,353,201,152
2007,Brian Billick,Ravens,16,5,11,0,0.3125,275,384,-109
2008,John Harbaugh,Ravens,16,11,5,0,0.6875,385,244,141
2009,John Harbaugh,Ravens,16,9,7,0,0.5625,391,261,130
2010,John Harbaugh,Ravens,16,12,4,0,0.7500,357,270,87
2011,John Harbaugh,Ravens,16,12,4,0,0.7500,378,266,112
2012,John Harbaugh,Ravens,16,10,6,0,0.6250,398,344,54
2013,John Harbaugh,Ravens,16,8,8,0,0.5000,320,352,-32
2014,John Harbaugh,Ravens,16,10,6,0,0.6250,409,302,107
2015,John Harbaugh,Ravens,16,5,11,0,0.3125,328,401,-73
2016,John Harbaugh,Ravens,16,8,8,0,0.5000,343,321,22
2017,John Harbaugh,Ravens,16,9,7,0,0.5625,395,303,92
2018,John Harbaugh,Ravens,16,10,6,0,0.6250,389,287,102
2019,John Harbaugh,Ravens,16,14,2,0,0.8750,531,282,249
2020,John Harbaugh,Ravens,16,11,5,0,0.6875,468,303,165
2021,John Harbaugh,Ravens,17,8,9,0,0.4706,387,392,-5
2022,John Harbaugh,Ravens,17,10,7,0,0.5882,350,315,35
2023,John Harbaugh,Ravens,17,13,4,0,0.7647,483,280,203
2002,Dick LeBeau,Bengals,16,2,14,0,0.1250,279,456,-177
2003,Marvin Lewis,Bengals,16,8,8,0,0.5000,346,384,-38
2004,Marvin Lewis,Bengals,16,8,8,0,0.5000,374,372,2
2005,Marvin Lewis,Bengals,16,11,5,0,0.6875,421,350,71
2006,Marvin Lewis,Bengals,16,8,8,0,0.5000,373,331,42
2007,Marvin Lewis,Bengals,16,7,9,0,0.4375,380,385,-5
2008,Marvin Lewis,Bengals,16,4,11,1,0.2667,204,364,-160
2009,Marvin Lewis,Bengals,16,10,6,0,0.6250,305,291,14
2010,Marvin Lewis,Bengals,16,4,12,0,0.2500,322,395,-73
2011,Marvin Lewis,Bengals,16,9,7,0,0.5625,344,323,21
2012,Marvin Lewis,Bengals,16,10,6,0,0.6250,391,320,71
2013,Marvin Lewis,Bengals,16,11,5,0,0.6875,430,305,125
2014,Marvin Lewis,Bengals,16,10,5,1,0.6667,365,344,21
2015,Marvin Lewis,Bengals,16,12,4,0,0.7500,419,279,140
2016,Marvin Lewis,Bengals,15,6,9,0,0.4000,325,315,10
2017,Marvin Lewis,Bengals,16,7,9,0,0.4375,290,349,-59
2018,Marvin Lewis,Bengals,16,6,10,0,0.3750,368,455,-87
2019,Zac Taylor,Bengals,16,2,14,0,0.1250,279,420,-141
2020,Zac Taylor,Bengals,16,4,11,1,0.2667,311,424,-113
2021,Zac Taylor,Bengals,17,10,7,0,0.5882,460,376,84
2022,Zac Taylor,Bengals,16,12,4,0,0.7500,418,322,96
2023,Zac Taylor,Bengals,17,9,8,0,0.5294,366,384,-18
2002,Butch Davis,Browns,16,9,7,0,0.5625,344,320,24
2003,Butch Davis,Browns,16,5,11,0,0.3125,254,322,-68
2004,Butch Davis,Browns,11,3,8,0,0.2727,225,266,-41
2004,Terry Robiskie,Browns,5,1,4,0,0.2000,51,124,-73
2005,Romeo Crennel,Browns,16,6,10,0,0.3750,232,301,-69
2006,Romeo Crennel,Browns,16,4,12,0,0.2500,238,356,-118
2007,Romeo Crennel,Browns,16,10,6,0,0.6250,402,382,20
2008,Romeo Crennel,Browns,16,4,12,0,0.2500,232,350,-118
2009,Eric Mangini,Browns,16,5,11,0,0.3125,245,375,-130
2010,Eric Mangini,Browns,16,5,11,0,0.3125,271,332,-61
2011,Pat Shurmur,Browns,16,4,12,0,0.2500,218,307,-89
2012,Pat Shurmur,Browns,16,5,11,0,0.3125,302,368,-66
2013,Rob Chudzinski,Browns,16,4,12,0,0.2500,308,406,-98
2014,Mike Pettine,Browns,16,7,9,0,0.4375,299,337,-38
2015,Mike Pettine,Browns,16,3,13,0,0.1875,278,432,-154
2016,Hue Jackson,Browns,16,1,15,0,0.0625,264,452,-188
2017,Hue Jackson,Browns,16,0,16,0,0.0000,234,410,-176
2018,Hue Jackson,Browns,7,2,5,0,0.2857,169,210,-41
2018,Gregg Willams,Browns,8,5,3,0,0.6250,190,182,8
2019,Freddie Kitchens,Browns,16,6,10,0,0.3750,335,393,-58
2020,Kevin Stefanski,Browns,12,3,9,0,0.2500,408,419,-11
2021,Kevin Stefanski,Browns,17,8,9,0,0.4706,349,371,-22
2022,Kevin Stefanski,Browns,17,7,10,0,0.4118,361,381,-20
2023,Kevin Stefanski,Browns,17,11,6,0,0.6471,396,362,34
2002,Dom Capers,Texans,16,4,12,0,0.2500,213,356,-143
2003,Dom Capers,Texans,16,5,11,0,0.3125,255,380,-125
2004,Dom Capers,Texans,16,7,9,0,0.4375,309,339,-30
2005,Dom Capers,Texans,16,2,14,0,0.1250,260,431,-171
2006,Gary Kubiak,Texans,16,6,10,0,0.3750,267,366,-99
2007,Gary Kubiak,Texans,16,8,8,0,0.5000,379,384,-5
2008,Gary Kubiak,Texans,16,8,8,0,0.5000,366,394,-28
2009,Gary Kubiak,Texans,16,9,7,0,0.5625,388,333,55
2010,Gary Kubiak,Texans,16,6,10,0,0.3750,390,427,-37
2011,Gary Kubiak,Texans,16,10,6,0,0.6250,381,278,103
2012,Gary Kubiak,Texans,16,12,4,0,0.7500,416,331,85
2013,Gary Kubiak,Texans,13,2,11,0,0.1538,250,350,-100
2013,Wade Phillips,Texans,3,0,3,0,0.0000,26,78,-52
2014,Bill O'Brien,Texans,16,9,7,0,0.5625,372,307,65
2015,Bill O'Brien,Texans,16,9,7,0,0.5625,339,313,26
2016,Bill O'Brien,Texans,16,9,7,0,0.5625,279,328,-49
2017,Bill O'Brien,Texans,16,4,12,0,0.2500,338,436,-98
2018,Bill O'Brien,Texans,16,11,5,0,0.6875,402,316,86
2019,Bill O'Brien,Texans,16,10,6,0,0.6250,378,385,-7
2020,Bill O'Brien,Texans,4,0,4,0,0.0000,80,126,-46
2020,Romeo Crennel,Texans,12,4,8,0,0.3333,304,338,-34
2021,David Culley,Texans,17,4,13,0,0.2353,280,452,-172
2022,Lovie Smith,Texans,17,3,13,1,0.1875,289,420,-131
2023,DeMeco Ryans,Texans,17,10,7,0,0.5882,377,353,24
2002,Tony Dungy,Colts,16,10,6,0,0.6250,349,313,36
2003,Tony Dungy,Colts,16,12,4,0,0.7500,447,336,111
2004,Tony Dungy,Colts,16,12,4,0,0.7500,522,351,171
2005,Tony Dungy,Colts,16,14,2,0,0.8750,439,247,192
2006,Tony Dungy,Colts,16,12,4,0,0.7500,427,360,67
2007,Tony Dungy,Colts,16,13,3,0,0.8125,450,262,188
2008,Tony Dungy,Colts,16,12,4,0,0.7500,377,298,79
2009,Jim Caldwell,Colts,16,14,2,0,0.8750,416,307,109
2010,Jim Caldwell,Colts,16,10,6,0,0.6250,435,388,47
2011,Jim Caldwell,Colts,16,2,14,0,0.1250,243,430,-187
2012,Chuck Pagano,Colts,16,11,5,0,0.6875,357,387,-30
2013,Chuck Pagano,Colts,16,11,5,0,0.6875,391,336,55
2014,Chuck Pagano,Colts,16,11,5,0,0.6875,458,369,89
2015,Chuck Pagano,Colts,16,8,8,0,0.5000,333,408,-75
2016,Chuck Pagano,Colts,16,8,8,0,0.5000,411,392,19
2017,Chuck Pagano,Colts,16,4,12,0,0.2500,263,404,-141
2018,Frank Reich,Colts,16,10,6,0,0.6250,433,344,89
2019,Frank Reich,Colts,16,7,9,0,0.4375,361,373,-12
2020,Frank Reich,Colts,16,11,5,0,0.6875,451,362,89
2021,Frank Reich,Colts,17,9,8,0,0.5294,451,365,86
2022,Frank Reich,Colts,9,3,5,1,0.3750,132,180,-48
2022,Jeff Saturday,Colts,8,1,7,0,0.1250,157,244,-87
2023,Shane Steichen,Colts,17,9,8,0,0.5294,396,415,-19
2002,Jeff Fisher,Titans,16,11,5,0,0.6875,367,324,43
2003,Jeff Fisher,Titans,16,12,4,0,0.7500,435,324,111
2004,Jeff Fisher,Titans,16,5,11,0,0.3125,344,439,-95
2005,Jeff Fisher,Titans,16,4,12,0,0.2500,299,421,-122
2006,Jeff Fisher,Titans,16,8,8,0,0.5000,324,400,-76
2007,Jeff Fisher,Titans,16,10,6,0,0.6250,301,297,4
2008,Jeff Fisher,Titans,16,13,3,0,0.8125,375,234,141
2009,Jeff Fisher,Titans,16,8,8,0,0.5000,354,402,-48
2010,Jeff Fisher,Titans,16,6,10,0,0.3750,356,339,17
2011,Mike Munchak,Titans,16,9,7,0,0.5625,325,317,8
2012,Mike Munchak,Titans,16,6,10,0,0.3750,330,471,-141
2013,Mike Munchak,Titans,16,7,9,0,0.4375,362,381,-19
2014,Ken Whisenhunt,Titans,16,2,14,0,0.1250,254,438,-184
2015,Ken Whisenhunt,Titans,7,1,6,0,0.1429,125,159,-34
2015,Mike Mularkey,Titans,9,2,7,0,0.2222,174,264,-90
2016,Mike Mularkey,Titans,16,9,7,0,0.5625,381,378,3
2017,Mike Mularkey,Titans,16,9,7,0,0.5625,334,356,-22
2018,Mike Vrabel,Titans,16,9,7,0,0.5625,310,303,7
2019,Mike Vrabel,Titans,16,9,7,0,0.5625,402,331,71
2020,Mike Vrabel,Titans,16,11,5,0,0.6875,491,439,52
2021,Mike Vrabel,Titans,17,12,5,0,0.7059,419,354,65
2022,Mike Vrabel,Titans,17,7,10,0,0.4118,298,359,-61
2023,Mike Vrabel,Titans,17,6,11,0,0.3529,305,367,-62
2002,Tom Coughlin,Jaguars,16,6,10,0,0.3750,328,315,13
2003,Jack del Rio,Jaguars,16,5,11,0,0.3125,276,331,-55
2004,Jack del Rio,Jaguars,16,9,7,0,0.5625,261,280,-19
2005,Jack del Rio,Jaguars,16,12,4,0,0.7500,361,269,92
2006,Jack del Rio,Jaguars,16,8,8,0,0.5000,371,274,97
2007,Jack del Rio,Jaguars,16,11,5,0,0.6875,411,304,107
2008,Jack del Rio,Jaguars,16,5,11,0,0.3125,302,367,-65
2009,Jack del Rio,Jaguars,16,7,9,0,0.4375,290,380,-90
2010,Jack del Rio,Jaguars,16,8,8,0,0.5000,353,419,-66
2011,Jack del Rio,Jaguars,11,3,8,0,0.2727,138,200,-62
2011,Mel Tucker,Jaguars,5,2,3,0,0.4000,105,129,-24
2012,Mike Mularkey,Jaguars,16,2,14,0,0.1250,255,444,-189
2013,Gus Bradley,Jaguars,16,4,12,0,0.2500,247,449,-202
2014,Gus Bradley ,Jaguars,16,3,13,0,0.1875,249,412,-163
2015,Gus Bradley,Jaguars,16,5,11,0,0.3125,376,448,-72
2016,Gus Bradley,Jaguars,14,2,12,0,0.1429,260,359,-99
2016,Doug Marrone,Jaguars,2,1,1,0,0.5000,58,41,17
2017,Doug Marrone,Jaguars,16,10,6,0,0.6250,417,268,149
2018,Doug Marrone,Jaguars,16,5,11,0,0.3125,245,316,-71
2019,Doug Marrone,Jaguars,16,6,10,0,0.3750,300,397,-97
2020,Doug Marrone,Jaguars,16,1,15,0,0.0625,306,492,-186
2021,Urban Meyer,Jaguars,13,2,11,0,0.1538,180,340,-160
2021,Darrell Bevell,Jaguars,4,1,3,0,0.2500,73,117,-44
2022,Doug Pederson,Jaguars,17,9,8,0,0.5294,404,350,54
2023,Doug Pederson,Jaguars,17,9,8,0,0.5294,377,371,6
2002,Dave Campo,Cowboys,16,5,11,0,0.3125,217,329,-112
2003,Bill Parcells,Cowboys,16,10,6,0,0.6250,289,260,29
2004,Bill Parcells,Cowboys,16,6,10,0,0.3750,293,405,-112
2005,Bill Parcells,Cowboys,16,9,7,0,0.5625,325,308,17
2006,Bill Parcells,Cowboys,16,9,7,0,0.5625,425,350,75
2007,Wade Phillips,Cowboys,16,13,3,0,0.8125,455,325,130
2008,Wade Phillips,Cowboys,16,9,7,0,0.5625,362,365,-3
2009,Wade Phillips,Cowboys,16,11,5,0,0.6875,361,250,111
2010,Wade Phillips,Cowboys,8,1,7,0,0.1250,161,232,-71
2010,Jason Garrett,Cowboys,8,5,3,0,0.6250,233,204,29
2011,Jason Garrett,Cowboys,16,8,8,0,0.5000,369,347,22
2012,Jason Garrett,Cowboys,16,8,8,0,0.5000,376,400,-24
2013,Jason Garrett,Cowboys,16,8,8,0,0.5000,439,432,7
2014,Jason Garrett,Cowboys,16,12,4,0,0.7500,467,352,115
2015,Jason Garrett,Cowboys,16,4,12,0,0.2500,275,374,-99
2016,Jason Garrett,Cowboys,16,13,3,0,0.8125,421,306,115
2017,Jason Garrett,Cowboys,16,9,7,0,0.5625,354,332,22
2018,Jason Garrett,Cowboys,16,10,6,0,0.6250,339,324,15
2019,Jason Garrett,Cowboys,16,8,8,0,0.5000,434,321,113
2020,Mike McCarthy,Cowboys,16,6,10,0,0.3750,395,473,-78
2021,Mike McCarthy,Cowboys,17,12,5,0,0.7059,530,358,172
2022,Mike McCarthy,Cowboys,17,12,5,0,0.7059,467,342,125
2023,Mike McCarthy,Cowboys,17,12,5,0,0.7059,509,315,194
2002,Jim Fassel,Giants,16,10,6,0,0.6250,320,279,41
2003,Jim Fassel,Giants,16,4,12,0,0.2500,243,387,-144
2004,Tom Coughlin,Giants,16,6,10,0,0.3750,303,347,-44
2005,Tom Coughlin,Giants,16,11,5,0,0.6875,422,314,108
2006,Tom Coughlin,Giants,16,8,8,0,0.5000,355,362,-7
2007,Tom Coughlin,Giants,16,10,6,0,0.6250,373,351,22
2008,Tom Coughlin,Giants,16,12,4,0,0.7500,427,294,133
2009,Tom Coughlin,Giants,16,8,8,0,0.5000,402,427,-25
2010,Tom Coughlin,Giants,16,10,6,0,0.6250,394,347,47
2011,Tom Coughlin,Giants,16,9,7,0,0.5625,394,400,-6
2012,Tom Coughlin,Giants,16,9,7,0,0.5625,429,344,85
2013,Tom Coughlin,Giants,16,7,9,0,0.4375,294,383,-89
2014,Tom Coughlin,Giants,16,6,10,0,0.3750,380,400,-20
2015,Tom Coughlin,Giants,16,6,10,0,0.3750,420,442,-22
2016,Ben McAdoo,Giants,16,11,5,0,0.6875,310,284,26
2017,Ben McAdoo,Giants,12,2,10,0,0.1667,189,291,-102
2017,Steve Spagnuolo,Giants,4,1,3,0,0.2500,57,97,-40
2018,Pat Shurmur,Giants,16,5,11,0,0.3125,369,412,-43
2019,Pat Shurmur,Giants,16,4,12,0,0.2500,341,451,-110
2020,Joe Judge,Giants,16,6,10,0,0.3750,280,357,-77
2021,Joe Judge,Giants,17,4,13,0,0.2353,258,416,-158
2022,Brian Daboll,Giants,17,9,7,1,0.5625,365,371,-6
2023,Brian Daboll,Giants,17,6,11,0,0.3529,266,407,-141
2002,Andy Reid,Eagles,16,12,4,0,0.7500,415,241,174
2003,Andy Reid,Eagles,16,12,4,0,0.7500,374,287,87
2004,Andy Reid,Eagles,16,13,3,0,0.8125,386,260,126
2005,Andy Reid,Eagles,16,6,10,0,0.3750,310,388,-78
2006,Andy Reid,Eagles,16,10,6,0,0.6250,398,328,70
2007,Andy Reid,Eagles,16,8,8,0,0.5000,336,300,36
2008,Andy Reid,Eagles,15,9,6,0,0.6000,416,289,127
2009,Andy Reid,Eagles,16,11,5,0,0.6875,429,337,92
2010,Andy Reid,Eagles,16,10,6,0,0.6250,439,377,62
2011,Andy Reid,Eagles,16,8,8,0,0.5000,396,328,68
2012,Andy Reid,Eagles,16,4,12,0,0.2500,280,444,-164
2013,Chip Kelly,Eagles,16,10,6,0,0.6250,442,382,60
2014,Chip Kelly,Eagles,16,10,6,0,0.6250,474,400,74
2015,Chip Kelly,Eagles,15,6,9,0,0.4000,342,400,-58
2015,Pat Shurmur,Eagles,1,1,0,0,1.0000,35,30,5
2016,Doug Pederson,Eagles,16,7,9,0,0.4375,367,331,36
2017,Doug Pederson,Eagles,16,13,3,0,0.8125,457,295,162
2018,Doug Pederson,Eagles,16,9,7,0,0.5625,367,348,19
2019,Doug Pederson,Eagles,16,9,7,0,0.5625,385,354,31
2020,Doug Pederson,Eagles,16,4,11,1,0.2667,334,418,-84
2021,Nik Sirianni,Eagles,17,9,8,0,0.5294,444,385,59
2022,Nik Sirianni,Eagles,17,14,3,0,0.8235,477,344,133
2023,Nik Sirianni,Eagles,17,11,6,0,0.6471,433,428,5
2002,Steve Spurrier,Commanders,16,7,9,0,0.4375,307,367,-60
2003,Steve Spurrier,Commanders,16,5,11,0,0.3125,287,372,-85
2004,Joe Gibbs,Commanders,16,6,10,0,0.3750,240,265,-25
2005,Joe Gibbs,Commanders,16,10,6,0,0.6250,359,293,66
2006,Joe Gibbs,Commanders,16,5,11,0,0.3125,307,376,-69
2007,Joe Gibbs,Commanders,16,9,7,0,0.5625,334,310,24
2008,Jim Zorn,Commanders,16,8,8,0,0.5000,265,296,-31
2009,Jim Zorn,Commanders,16,4,12,0,0.2500,266,336,-70
2010,Mike Shanahan,Commanders,16,6,10,0,0.3750,302,377,-75
2011,Mike Shanahan,Commanders,16,5,11,0,0.3125,288,367,-79
2012,Mike Shanahan,Commanders,16,10,6,0,0.6250,436,388,48
2013,Mike Shanahan,Commanders,16,3,13,0,0.1875,334,478,-144
2014,Jay Gruden,Commanders,16,4,12,0,0.2500,301,438,-137
2015,Jay Gruden,Commanders,16,9,7,0,0.5625,388,379,9
2016,Jay Gruden,Commanders,16,8,7,1,0.5333,396,383,13
2017,Jay Gruden,Commanders,16,7,9,0,0.4375,342,388,-46
2018,Jay Gruden,Commanders,16,7,9,0,0.4375,281,359,-78
2019,Jay Gruden,Commanders,5,0,5,0,0.0000,73,151,-78
2019,Bill Callahan,Commanders,11,3,8,0,0.2727,193,284,-91
2020,Ron Rivera,Commanders,16,7,9,0,0.4375,335,329,6
2021,Ron Rivera,Commanders,17,7,10,0,0.4118,335,434,-99
2022,Ron Rivera,Commanders,17,8,8,1,0.5000,321,343,-22
2023,Ron Rivera,Commanders,17,4,13,0,0.2353,329,518,-189
2002,Dave McGinnis,Cardinals,16,5,11,0,0.3125,262,417,-155
2003,Dave McGinnis,Cardinals,16,4,12,0,0.2500,225,452,-227
2004,Dennis Green,Cardinals,16,6,10,0,0.3750,284,322,-38
2005,Dennis Green,Cardinals,16,5,11,0,0.3125,311,387,-76
2006,Dennis Green,Cardinals,16,5,11,0,0.3125,314,389,-75
2007,Ken Whisenhunt,Cardinals,16,8,8,0,0.5000,404,399,5
2008,Ken Whisenhunt,Cardinals,16,9,7,0,0.5625,427,426,1
2009,Ken Whisenhunt,Cardinals,16,10,6,0,0.6250,375,325,50
2010,Ken Whisenhunt,Cardinals,16,5,11,0,0.3125,289,434,-145
2011,Ken Whisenhunt,Cardinals,16,8,8,0,0.5000,312,348,-36
2012,Ken Whisenhunt,Cardinals,16,5,11,0,0.3125,250,357,-107
2013,Bruce Arians,Cardinals,16,10,6,0,0.6250,379,324,55
2014,Bruce Arians,Cardinals,16,11,5,0,0.6875,310,299,11
2015,Bruce Arians,Cardinals,16,13,3,0,0.8125,489,313,176
2016,Bruce Arians,Cardinals,16,7,8,1,0.4667,418,362,56
2017,Bruce Arians,Cardinals,16,8,8,0,0.5000,295,361,-66
2018,Steve Wilks,Cardinals,16,3,13,0,0.1875,225,425,-200
2019,Kliff Kingsburry,Cardinals,16,5,10,1,0.3333,361,442,-81
2020,Kliff Kingsburry,Cardinals,16,8,8,0,0.5000,410,367,43
2021,Kliff Kingsburry,Cardinals,17,11,6,0,0.6471,449,366,83
2022,Kliff Kingsburry,Cardinals,17,4,13,0,0.2353,340,449,-109
2023,Jonathan Gannon,Cardinals,17,4,13,0,0.2353,330,455,-125
2002,Mike Martz,Rams,16,7,9,0,0.4375,316,369,-53
2003,Mike Martz,Rams,16,12,4,0,0.7500,447,328,119
2004,Mike Martz,Rams,16,8,8,0,0.5000,319,392,-73
2005,Mike Martz,Rams,5,2,3,0,0.4000,128,148,-20
2005,Joe Vitt,Rams,11,4,7,0,0.3636,235,281,-46
2006,Scott Linehan,Rams,16,8,8,0,0.5000,367,381,-14
2007,Scott Linehan,Rams,16,3,13,0,0.1875,263,438,-175
2008,Scott Linehan,Rams,4,0,4,0,0.0000,43,147,-104
2008,Jim Haslett,Rams,12,2,10,0,0.1667,189,318,-129
2009,Steve Spagnuolo,Rams,16,1,15,0,0.0625,175,436,-261
2010,Steve Spagnuolo,Rams,16,7,9,0,0.4375,289,328,-39
2011,Steve Spagnuolo,Rams,16,2,14,0,0.1250,193,407,-214
2012,Jeff Fisher,Rams,16,7,8,1,0.4667,299,348,-49
2013,Jeff Fisher,Rams,16,7,9,0,0.4375,348,364,-16
2014,Jeff Fisher,Rams,16,6,10,0,0.3750,324,354,-30
2015,Jeff Fisher,Rams,16,7,9,0,0.4375,280,330,-50
2016,Jeff Fisher,Rams,13,4,9,0,0.3077,194,304,-110
2016,John Fassel,Rams,3,0,3,0,0.0000,30,90,-60
2017,Sean McVay,Rams,16,11,5,0,0.6875,478,329,149
2018,Sean McVay,Rams,16,13,3,0,0.8125,527,384,143
2019,Sean McVay,Rams,16,9,7,0,0.5625,394,364,30
2020,Sean McVay,Rams,16,10,6,0,0.6250,372,296,76
2021,Sean McVay,Rams,17,12,5,0,0.7059,460,372,88
2022,Sean McVay,Rams,17,5,12,0,0.2941,307,384,-77
2023,Sean McVay,Rams,17,10,7,0,0.5882,404,377,27
2002,Mike Holmgren,Seahawks,16,7,9,0,0.4375,355,369,-14
2003,Mike Holmgren,Seahawks,16,10,6,0,0.6250,404,327,77
2004,Mike Holmgren,Seahawks,16,9,7,0,0.5625,371,373,-2
2005,Mike Holmgren,Seahawks,16,13,3,0,0.8125,452,271,181
2006,Mike Holmgren,Seahawks,16,9,7,0,0.5625,335,341,-6
2007,Mike Holmgren,Seahawks,16,10,6,0,0.6250,393,291,102
2008,Mike Holmgren,Seahawks,16,4,12,0,0.2500,294,392,-98
2009,Jim Mora,Seahawks,16,5,11,0,0.3125,280,390,-110
2010,Pete Carroll,Seahawks,16,7,9,0,0.4375,310,407,-97
2011,Pete Carroll,Seahawks,16,7,9,0,0.4375,321,315,6
2012,Pete Carroll,Seahawks,16,11,5,0,0.6875,412,245,167
2013,Pete Carroll,Seahawks,16,13,3,0,0.8125,417,231,186
2014,Pete Carroll,Seahawks,16,12,4,0,0.7500,394,254,140
2015,Pete Carroll,Seahawks,16,10,6,0,0.6250,423,277,146
2016,Pete Carroll,Seahawks,16,10,5,1,0.6667,354,292,62
2017,Pete Carroll,Seahawks,16,9,7,0,0.5625,366,332,34
2018,Pete Carroll,Seahawks,16,10,6,0,0.6250,428,347,81
2019,Pete Carroll,Seahawks,16,11,5,0,0.6875,405,398,7
2020,Pete Carroll,Seahawks,16,12,4,0,0.7500,459,371,88
2021,Pete Carroll,Seahawks,17,7,10,0,0.4118,395,366,29
2022,Pete Carroll,Seahawks,17,9,8,0,0.5294,407,401,6
2023,Pete Carroll,Seahawks,17,9,8,0,0.5294,364,402,-38
2002,Steve Mariucci,49ers,16,10,6,0,0.6250,367,351,16
2003,Dennis Erickson,49ers,16,7,9,0,0.4375,384,337,47
2004,Mike Nolan,49ers,16,2,14,0,0.1250,259,452,-193
2005,Mike Nolan,49ers,16,4,12,0,0.2500,239,428,-189
2006,Mike Nolan,49ers,16,7,9,0,0.4375,298,412,-114
2007,Mike Nolan,49ers,16,5,11,0,0.3125,219,364,-145
2008,Mike Nolan,49ers,7,2,5,0,0.2857,158,196,-38
2008,Mike Singletary,49ers,9,5,4,0,0.5556,181,185,-4
2009,Mike Singletary,49ers,16,8,8,0,0.5000,330,281,49
2010,Mike Singletary,49ers,15,5,10,0,0.3333,267,339,-72
2010,Jim Tomsula,49ers,1,1,0,0,1.0000,38,7,31
2011,Jim Harbaugh,49ers,16,13,3,0,0.8125,380,229,151
2012,Jim Harbaugh,49ers,16,11,4,1,0.7333,397,273,124
2013,Jim Harbaugh,49ers,16,12,4,0,0.7500,406,272,134
2014,Jim Harbaugh,49ers,16,8,8,0,0.5000,306,340,-34
2015,Jim Tomsula,49ers,16,5,11,0,0.3125,238,387,-149
2016,Chip Kelly,49ers,16,2,14,0,0.1250,309,480,-171
2017,Kyle Shanahan,49ers,16,6,10,0,0.3750,331,383,-52
2018,Kyle Shanahan,49ers,16,4,12,0,0.2500,342,435,-93
2019,Kyle Shanahan,49ers,16,13,3,0,0.8125,479,310,169
2020,Kyle Shanahan,49ers,16,6,10,0,0.3750,376,390,-14
2021,Kyle Shanahan,49ers,17,10,7,0,0.5882,427,365,62
2022,Kyle Shanahan,49ers,17,13,4,0,0.7647,450,277,173
2023,Kyle Shanahan,49ers,17,12,5,0,0.7059,491,298,193
2002,Marty Mornhinweg,Lions,16,3,13,0,0.1875,306,451,-145
2003,Steve Mariucci,Lions,16,5,11,0,0.3125,270,379,-109
2004,Steve Mariucci,Lions,16,6,10,0,0.3750,296,350,-54
2005,Steve Mariucci,Lions,11,4,7,0,0.3636,174,220,-46
2005,Dick Jauron,Lions,5,1,4,0,0.2000,80,125,-45
2006,Rod Marinelli,Lions,16,3,13,0,0.1875,305,398,-93
2007,Rod Marinelli,Lions,16,7,9,0,0.4375,346,444,-98
2008,Rod Marinelli,Lions,16,0,16,0,0.0000,268,517,-249
2009,Jim Schwartz,Lions,16,2,14,0,0.1250,262,494,-232
2010,Jim Schwartz,Lions,16,6,10,0,0.3750,362,369,-7
2011,Jim Schwartz,Lions,16,10,6,0,0.6250,474,387,87
2012,Jim Schwartz,Lions,16,4,12,0,0.2500,372,437,-65
2013,Jim Schwartz,Lions,16,7,9,0,0.4375,395,376,19
2014,Jim Caldwell,Lions,16,11,5,0,0.6875,321,282,39
2015,Jim Caldwell,Lions,16,7,9,0,0.4375,358,400,-42
2016,Jim Caldwell,Lions,16,9,7,0,0.5625,346,358,-12
2017,Jim Caldwell,Lions,16,9,7,0,0.5625,410,376,34
2018,Matt Patricia,Lions,16,6,10,0,0.3750,324,360,-36
2019,Matt Patricia,Lions,16,3,12,1,0.2000,341,423,-82
2020,Matt Patricia,Lions,11,4,7,0,0.3636,212,328,-116
2020,Darrell Bevell,Lions,5,1,4,0,0.2000,125,191,-66
2021,Dan Campbell,Lions,17,3,13,1,0.1875,325,467,-142
2022,Dan Campbell,Lions,17,9,8,0,0.5294,453,427,26
2023,Dan Campbell,Lions,17,12,5,0,0.7059,461,395,66
2002,Mike Trice,Vikings,16,6,10,0,0.3750,390,442,-52
2003,Mike Trice,Vikings,16,9,7,0,0.5625,416,353,63
2004,Mike Trice,Vikings,16,8,8,0,0.5000,405,395,10
2005,Mike Trice,Vikings,16,9,7,0,0.5625,306,344,-38
2006,Brad Childress,Vikings,16,6,10,0,0.3750,282,327,-45
2007,Brad Childress,Vikings,16,8,8,0,0.5000,365,311,54
2008,Brad Childress,Vikings,16,10,6,0,0.6250,379,333,46
2009,Brad Childress,Vikings,16,12,4,0,0.7500,470,312,158
2010,Brad Childress,Vikings,10,3,7,0,0.3000,172,226,-54
2010,Leslie Frazier,Vikings,6,3,3,0,0.5000,109,122,-13
2011,Leslie Frazier,Vikings,16,3,13,0,0.1875,340,449,-109
2012,Leslie Frazier,Vikings,16,10,6,0,0.6250,379,348,31
2013,Leslie Frazier,Vikings,16,5,10,1,0.3333,391,480,-89
2014,Mike Zimmer,Vikings,16,7,9,0,0.4375,325,343,-18
2015,Mike Zimmer,Vikings,16,11,5,0,0.6875,365,302,63
2016,Mike Zimmer,Vikings,16,8,8,0,0.5000,327,307,20
2017,Mike Zimmer,Vikings,16,13,3,0,0.8125,382,252,130
2018,Mike Zimmer,Vikings,16,8,7,1,0.5333,360,341,19
2019,Mike Zimmer,Vikings,16,10,6,0,0.6250,407,303,104
2020,Mike Zimmer,Vikings,16,7,9,0,0.4375,430,475,-45
2021,Mike Zimmer,Vikings,17,8,9,0,0.4706,425,426,-1
2022,Kevin O'Connell,Vikings,17,13,4,0,0.7647,424,427,-3
2023,Kevin O'Connell,Vikings,17,7,10,0,0.4118,344,362,-18
2002,Mike Sherman,Packers,16,12,4,0,0.7500,398,328,70
2003,Mike Sherman,Packers,16,10,6,0,0.6250,442,307,135
2004,Mike Sherman,Packers,16,10,6,0,0.6250,424,380,44
2005,Mike Sherman,Packers,16,4,12,0,0.2500,298,344,-46
2006,Mike McCarthy,Packers,16,8,8,0,0.5000,301,366,-65
2007,Mike McCarthy,Packers,16,13,3,0,0.8125,435,291,144
2008,Mike McCarthy,Packers,16,6,10,0,0.3750,419,380,39
2009,Mike McCarthy,Packers,16,11,5,0,0.6875,461,297,164
2010,Mike McCarthy,Packers,16,10,6,0,0.6250,388,240,148
2011,Mike McCarthy,Packers,16,15,1,0,0.9375,560,359,201
2012,Mike McCarthy,Packers,16,11,5,0,0.6875,433,336,97
2013,Mike McCarthy,Packers,16,8,7,1,0.5333,417,428,-11
2014,Mike McCarthy,Packers,16,12,4,0,0.7500,486,348,138
2015,Mike McCarthy,Packers,16,10,6,0,0.6250,368,323,45
2016,Mike McCarthy,Packers,16,10,6,0,0.6250,432,388,44
2017,Mike McCarthy,Packers,16,7,9,0,0.4375,320,384,-64
2018,Mike McCarthy,Packers,11,4,7,0,0.3636,281,277,4
2018,Joe Philibin,Packers,4,2,2,0,0.5000,95,113,-18
2019,Matt LaFleur,Packers,16,13,3,0,0.8125,376,313,63
2020,Matt LaFleur,Packers,16,13,3,0,0.8125,509,369,140
2021,Matt LaFleur,Packers,17,13,4,0,0.7647,450,371,79
2022,Matt LaFleur,Packers,17,8,9,0,0.4706,370,371,-1
2023,Matt LaFleur,Packers,17,9,8,0,0.5294,383,350,33
2002,Dick Jauron,Bears,16,4,12,0,0.2500,281,379,-98
2003,Dick Jauron,Bears,16,7,9,0,0.4375,283,346,-63
2004,Lovie Smith,Bears,16,5,11,0,0.3125,231,331,-100
2005,Lovie Smith,Bears,16,11,5,0,0.6875,260,202,58
2006,Lovie Smith,Bears,16,13,3,0,0.8125,427,255,172
2007,Lovie Smith,Bears,16,7,9,0,0.4375,334,348,-14
2008,Lovie Smith,Bears,16,9,7,0,0.5625,375,350,25
2009,Lovie Smith,Bears,16,7,9,0,0.4375,327,375,-48
2010,Lovie Smith,Bears,16,11,5,0,0.6875,334,286,48
2011,Lovie Smith,Bears,16,8,8,0,0.5000,353,341,12
2012,Lovie Smith,Bears,16,10,6,0,0.6250,375,277,98
2013,Marc Trestman,Bears,16,8,8,0,0.5000,445,478,-33
2014,Marc Trestman,Bears,16,5,11,0,0.3125,319,442,-123
2015,John Fox,Bears,16,6,10,0,0.3750,335,397,-62
2016,John Fox,Bears,16,3,13,0,0.1875,279,399,-120
2017,John Fox,Bears,16,5,11,0,0.3125,264,320,-56
2018,Matt Nagy,Bears,16,12,4,0,0.7500,421,283,138
2019,Matt Nagy,Bears,16,8,8,0,0.5000,280,298,-18
2020,Matt Nagy,Bears,16,8,8,0,0.5000,372,370,2
2021,Matt Nagy,Bears,17,6,11,0,0.3529,311,407,-96
2022,Matt Eberflus,Bears,17,3,14,0,0.1765,326,463,-137
2023,Matt Eberflus,Bears,17,7,10,0,0.4118,360,379,-19
2002,Dan Reeves,Falcons,16,9,6,1,0.6000,402,314,88
2003,Dan Reeves,Falcons,13,3,10,0,0.2308,241,342,-101
2003,Wade Phillips,Falcons,3,2,1,0,0.6667,58,80,-22
2004,Jim Mora,Falcons,16,11,5,0,0.6875,340,337,3
2005,Jim Mora,Falcons,16,8,8,0,0.5000,351,341,10
2006,Jim Mora,Falcons,16,7,9,0,0.4375,292,328,-36
2007,Bobby Petrino,Falcons,13,3,10,0,0.2308,185,306,-121
2007,Emmitt Thomas,Falcons,3,1,2,0,0.3333,74,108,-34
2008,Mike Smith,Falcons,16,11,5,0,0.6875,391,325,66
2009,Mike Smith,Falcons,16,9,7,0,0.5625,363,325,38
2010,Mike Smith,Falcons,16,13,3,0,0.8125,414,288,126
2011,Mike Smith,Falcons,16,10,6,0,0.6250,402,350,52
2012,Mike Smith,Falcons,16,13,3,0,0.8125,419,299,120
2013,Mike Smith,Falcons,16,4,12,0,0.2500,353,443,-90
2014,Mike Smith,Falcons,16,6,10,0,0.3750,381,417,-36
2015,Dan Quinn,Falcons,16,8,8,0,0.5000,339,345,-6
2016,Dan Quinn,Falcons,16,11,5,0,0.6875,540,406,134
2017,Dan Quinn,Falcons,16,10,6,0,0.6250,353,315,38
2018,Dan Quinn,Falcons,16,7,9,0,0.4375,414,423,-9
2019,Dan Quinn,Falcons,16,7,9,0,0.4375,381,399,-18
2020,Dan Quinn,Falcons,5,0,5,0,0.0000,148,93,55
2020,Raheem Morris,Falcons,11,4,7,0,0.3636,325,262,63
2021,Arthur Smith,Falcons,17,7,10,0,0.4118,313,459,-146
2022,Arthur Smith,Falcons,17,7,10,0,0.4118,365,386,-21
2023,Arthur Smith,Falcons,17,7,10,0,0.4118,321,373,-52
2002,Jon Gruden,Buccaneers,16,12,4,0,0.7500,346,196,150
2003,Jon Gruden,Buccaneers,16,7,9,0,0.4375,301,264,37
2004,Jon Gruden,Buccaneers,16,5,11,0,0.3125,301,304,-3
2005,Jon Gruden,Buccaneers,16,11,5,0,0.6875,300,274,26
2006,Jon Gruden,Buccaneers,16,4,12,0,0.2500,211,353,-142
2007,Jon Gruden,Buccaneers,16,9,7,0,0.5625,334,270,64
2008,Jon Gruden,Buccaneers,16,9,7,0,0.5625,361,323,38
2009,Raheem Morris,Buccaneers,16,3,13,0,0.1875,244,400,-156
2010,Raheem Morris,Buccaneers,16,10,6,0,0.6250,341,318,23
2011,Raheem Morris,Buccaneers,16,4,12,0,0.2500,287,494,-207
2012,Greg Schiano,Buccaneers,16,7,9,0,0.4375,389,394,-5
2013,Greg Schiano,Buccaneers,16,4,12,0,0.2500,288,389,-101
2014,Lovie Smith,Buccaneers,16,2,14,0,0.1250,277,410,-133
2015,Lovie Smith,Buccaneers,16,6,10,0,0.3750,342,417,-75
2016,Dirk Koetter,Buccaneers,16,9,7,0,0.5625,354,369,-15
2017,Dirk Koetter,Buccaneers,16,5,11,0,0.3125,335,382,-47
2018,Dirk Koetter,Buccaneers,16,5,11,0,0.3125,396,464,-68
2019,Bruce Arians,Buccaneers,16,7,9,0,0.4375,458,449,9
2020,Bruce Arians,Buccaneers,16,11,5,0,0.6875,492,355,137
2021,Bruce Arians,Buccaneers,17,13,4,0,0.7647,511,353,158
2022,Todd Bowles,Buccaneers,17,8,9,0,0.4706,313,358,-45
2023,Todd Bowles,Buccaneers,17,9,8,0,0.5294,348,325,23
2002,Jim Haslett,Saints,16,9,7,0,0.5625,432,388,44
2003,Jim Haslett,Saints,16,8,8,0,0.5000,340,326,14
2004,Jim Haslett,Saints,16,8,8,0,0.5000,348,405,-57
2005,Jim Haslett,Saints,16,3,13,0,0.1875,235,398,-163
2006,Sean Payton,Saints,16,10,6,0,0.6250,413,322,91
2007,Sean Payton,Saints,16,7,9,0,0.4375,379,388,-9
2008,Sean Payton,Saints,16,8,8,0,0.5000,463,393,70
2009,Sean Payton,Saints,16,13,3,0,0.8125,510,341,169
2010,Sean Payton,Saints,16,11,5,0,0.6875,384,307,77
2011,Sean Payton,Saints,16,13,3,0,0.8125,547,339,208
2012,Aaron Kromer,Saints,6,2,4,0,0.3333,176,182,-6
2012,Joe Vitt,Saints,10,5,5,0,0.5000,285,272,13
2013,Sean Payton,Saints,16,11,5,0,0.6875,414,304,110
2014,Sean Payton,Saints,16,7,9,0,0.4375,401,424,-23
2015,Sean Payton,Saints,16,7,9,0,0.4375,408,476,-68
2016,Sean Payton,Saints,16,7,9,0,0.4375,469,454,15
2017,Sean Payton,Saints,16,11,5,0,0.6875,448,326,122
2018,Sean Payton,Saints,16,7,9,0,0.4375,504,353,151
2019,Sean Payton,Saints,16,13,3,0,0.8125,458,341,117
2020,Sean Payton,Saints,16,12,4,0,0.7500,482,337,145
2021,Sean Payton,Saints,17,9,8,0,0.5294,364,335,29
2022,Dennis Allen,Saints,17,7,10,0,0.4118,330,345,-15
2023,Dennis Allen,Saints,17,9,8,0,0.5294,402,327,75
2002,John Fox,Panthers,16,7,9,0,0.4375,258,302,-44
2003,John Fox,Panthers,16,11,5,0,0.6875,325,304,21
2004,John Fox,Panthers,16,7,9,0,0.4375,355,339,16
2005,John Fox,Panthers,16,11,5,0,0.6875,391,259,132
2006,John Fox,Panthers,16,8,8,0,0.5000,270,305,-35
2007,John Fox,Panthers,16,7,9,0,0.4375,267,347,-80
2008,John Fox,Panthers,16,12,4,0,0.7500,414,329,85
2009,John Fox,Panthers,16,8,8,0,0.5000,315,308,7
2010,John Fox,Panthers,16,2,14,0,0.1250,196,408,-212
2011,Ron Rivera,Panthers,16,6,10,0,0.3750,406,429,-23
2012,Ron Rivera,Panthers,16,7,9,0,0.4375,357,363,-6
2013,Ron Rivera,Panthers,16,12,4,0,0.7500,366,241,125
2014,Ron Rivera,Panthers,16,7,8,1,0.4667,339,374,-35
2015,Ron Rivera,Panthers,16,15,1,0,0.9375,500,308,192
2016,Ron Rivera,Panthers,16,6,10,0,0.3750,369,402,-33
2017,Ron Rivera,Panthers,16,11,5,0,0.6875,363,327,36
2018,Ron Rivera,Panthers,16,7,9,0,0.4375,376,382,-6
2019,Ron Rivera,Panthers,12,5,7,0,0.4167,280,320,-40
2019,Perry Fewell,Panthers,4,0,4,0,0.0000,60,150,-90
2020,Matt Rhule,Panthers,16,5,11,0,0.3125,350,402,-52
2021,Matt Rhule,Panthers,17,5,12,0,0.2941,304,404,-100
2022,Matt Rhule,Panthers,5,1,4,0,0.2000,93,122,-29
2022,Steve Wilks,Panthers,12,6,6,0,0.5000,254,252,2
2023,Frank Reich,Panthers,11,1,10,0,0.0909,173,292,-119
2023,Chris Tabor,Panthers,6,1,5,0,0.1667,63,124,-61